,ratings,comment,rating_star,like_count,orderid
0,"Chegou antes do prazo, vale pelo valor . Bunitinho !",2,,111713302191455,12415779217
1,"Chegou antes do prazo,  veio desmontado e sem bateria, vou testar e volto para dizer como foi. Pelas avalia√ß√µes parece ser bom",5,27.0,110816432187906,12415779217
2,"Tirando o fato de que n√£o √© um iwo 13 e sim um tal de um x8 e que o correios do nosso pa√≠s √© um lixo. Jogaram futebol com minha encomenda. O rel√≥gio √© √≥timo pelo valor q paguei, 34 reais com cupom e frete gr√°tis. Segue imagens do absurdo dos correios.",5,64.0,110871572198702,12415779217
3,"Amei o produto, a pulseira veio com um pequeno defeito.... Mas tirando isso amei!! Super pr√°tico ü•∞ü•∞",5,17.0,110334895158565,12415779217
4,"Chegou em 18 dias.Bem embalado. Funciona perfeitamente, por√©m possui resolu√ß√£o mto baixa. Esse modelo deve ser vers√£o antiga, pois a tela √© bem pequena c borda grande. N√£o possui calculadora. O menu tem poucas fun√ß√µes. N√£o √© o msm modelo do an√∫ncio. N√£o compraria novamente pois quero p revenda.üòä",5,102.0,109164903824993,12415779217
5,"Relogio √≥timo, super indico, esculto m√∫sica fa√ßo liga√ß√£o! Top",5,45.0,109640882887305,12415779217
6,"O pedido chegou bem embalado, em √≥timas condi√ß√µes.",5,31.0,109782298116418,12415779217
7,"Veio bem embalado , chegou r√°pido por√©m eu queria que chegasse notifica√ß√£o do email e n√£o chega s√≥ do Instagram e se voc√™ usar outro whatsapp tipo o GB e etc n√£o chega  mais o produto √© maravilhoso e dura a bateria",5,33.0,108516018858129,12415779217
8,"Pedido chegou tudo certinho . Veio igual o que comprei para o meu noivo . Indico e recomendo . Demorou um pouco , mas valeu muito a pena . S√≥ a pulseira que coloquei e de outro modelo. Vendedor atencioso. Toop üëçüèªüëèüèªüëèüèª",5,83.0,108430712191695,12415779217
9,Amei o rel√≥gio super recomendo funciona certinho e chegou antes do dia esperado,5,78.0,107956007829007,12415779217
10,Chegou meu t√£o esperado bem embalado antes do prazo adorei muito lindo do jeito que esperava √© o segundo que compro veio tudo certinho recomendo muito obrigada,5,48.0,108329702155073,12415779217
11,"√ìtimo rel√≥gio tem muitas fun√ß√µes que eu queria, e ainda dura bastante tempo com bateria e foi muito barato comparado com os outros.",5,75.0,105494904877567,12415779217
12,"Simplesmente, apaixonada!! Otima qualidade. muito Lindo, amei! Por√©m veio muito amassado e produto de qualquer maneira, tirando isso tudo ok.",5,135.0,107716055184029,12415779217
13,"O produto √© excelente, veio tudo certinho. Meu noivo compro o Pink para mim,mas √© totalmente diferente deste Preto que comprei para ele. A configura√ß√£o e outra.√önica reclama√ß√£o √© referente a transportadora que entregou.Eu n√£o estava em casa e eles jogaram.fico na chuva 2 dias,depois que fui ver.",5,90.0,107229381884308,12415779217
14,"Ameiiiiii
Veio muito bem embalado funcionando perfeitamente adorei indico o vendedor.",5,66.0,105807899195614,12415779217
15,"Eu amei o bot√£o veio um pouco folgado, mais o design e mto lindo eu amei.",5,53.0,106708102836889,12415779217
16,"Pulseira um pouco grande.
N√£o molhei... No to confiando muito na resist√™ncia a √°gua...
N√£o tem sensores que identifica o movimento de olhar as horas, tem que apertar o bot√£o... 
N√£o e ruim, mas tem melhores no mercado!",5,37.0,105687027137528,12415779217
17,"Veio tudo certinho, chegou muito r√°pido. J√° testei o rel√≥gio  e carregador ok , s√≥ tive dificuldade pra colocar a pulseira que acabou danificando quando coloquei. Tive dificuldade pra t√° colocando foto mais fui a o YouTube e consegui. Pelo pre√ßo recomendo.",5,89.0,104273626162304,12415779217
18,"Muito bom por√©m a tirinha √© muito dif√≠cil de colocar vem com carregador tamb√©m. 
Eu recomendo mais pensa melhor por conta da pulseira e para configurar tbm √© meio dif√≠cil.",4,39.0,105387030800008,12415779217
19,"Gostei do rel√≥gio, s√≥ n√£o gostei do carregador e a pulseira quase n√£o entrar. Recomendo üëåüèº",5,64.0,106682379186820,12415779217
20,"O rel√≥gio √© bom, veio super r√°pido por√©m a caixa veio amassada, e foi mal embalado fora isso est√° muito bom at√© agora, ent√£o recomendo.",4,36.0,103691817819280,12415779217
21,Amei meus rel√≥gios ‚è∞  chegaram com segunda e estado de perfei√ß√£o....,5,12.0,106335777882261,12415779217
22,"Muito bom pelo custo benef√≠cio! 
Vale a pena, e n√£o deixou a desejar. 
Satisfeito!",5,35.0,104931749875834,12415779217
23,Muuuuito bom super recomendo !!! Al√©m de lindo veio tudo certinho,5,38.0,107196378893342,12415779217
24,"Chegou no prazo, por√©m demorou muito nos correios de Curitiba.
N√£o √© o iwo 13, e sim o x8.
Veio com o bot√£o mole.
Manchas na tela
Pulseira de baixa qualidade, tem que for√ßar para encaixar.
Dentro da m√©dia!!!",5,114.0,104695226115234,12415779217
25,"√ìtimo!chegou antes do dia,pois como √© d√° china achei muito bom, chegou com 21dias.E d√° pra tirar foto,ver mensagens e outros.s√≥ que quando foi pra colocar a pulseira tava desfiando a borracha,mas eu conseguir  encaixar.tamb√©m n√£o v√©i a pel√≠cula pra colocar no rel√≥gio, j√° que √© de vidro.nao√©aprovadag",5,63.0,104358055826338,12415779217
26,"Achei que demorou mt pra chegar,por√©m ta do jeito do an√∫ncio,gostei mt!",5,54.0,104936296123435,12415779217
27,"√â √≥bvio que um produto de 50$ n√£o vai ser original! N√£o sejam tolos
Mas ele √© maravilhoso pelo valor super resistente, atende todas as expectativas, √© s√≥ saber configurar.",5,129.0,103747785819512,12415779217
28,"Produto chegou dentro do prazo e bem embalado 
Por√©m pedi 2 e apenas um funcionou o outro n√£o liga e n√£o carrega aguardando a resposta do vendedor",5,48.0,103949653836602,12415779217
29,"Muito bom o produto, qualidade muito boa, f√°cil de mexer, a cor veio certinha, entrega rapida. Recomendo muito, do jeito que eu esperava",5,69.0,104859548113929,12415779217
30,"Demorou menos de 15 pra chegar. Veio bem embalado com todo os acess√≥rios funcionando.
Amei o rel√≥gio...t√¥ testando ainda pra ver se tudo funciona perfeitamente...pelo que vi at√© agora sim.",5,62.0,103997150127694,12415779217
31,"Chegou super r√°pido! Levei um temp√£o para conectar no celular, mas foi s√≥ desligar e ligar de novo que resolveu o problema. Ele √© muito bonito, tem v√°rias op√ß√µes legais, podem ver que no v√≠deo tem umas bolinhas, mas depois de tentar limpar bastante, elas at√© sa√≠ram. Testei os passos e n√£o contou...",5,69.0,103824687853660,12415779217
32,"√â a segunda vez que compro, e chegou tudo direitinho. Super indico, dessa vez minha fam√≠lia amou o meu rel√≥gio e pediram. Entrega e produtos √≥timos !",5,86.0,102947828184957,12415779217
33,"NOSSA A QUALIDADE √â EXCELENTE ADOREEEI
COMPREI UM PRA CONHECER E AGORA IREI COMPRAR UMA QUANTIDADE MAIOR. INDICO O VENDEDOR.",5,132.0,101099959837383,12415779217
34,"Meu deus que carregador √© esse? P√©ssima ergonomia... Produto √© OK, incomoda no pulso devido ao peso, mas d√° pra relevar devido ao pre√ßo cobrado, para variar como todo produto da china veio mal embalado e chegou com as caixa detonadas...",3,87.0,101893026857900,12415779217
35,"Os rel√≥gios s√£o lindos! Ainda n√£o testei todos pq alguns vieram descarregados, mais at√© agora todos que j√° vi est√£o em √≥timo estado!",5,149.0,101596347876248,12415779217
36,O rel√≥gio √© bem bonito. O pre√ßo √© bom. Funciona tudo certinho. S√≥ n√£o gostei que n√£o funciona WhatsApp nele e precisa conectar com a Internet do celular atrav√©s de um aplicativo.  Pensei q fosse s√≥ por Bluetooth. Mas no mais est√° tudo certo  estou gostando,4,68.0,101585487170462,12415779217
37,Relogio chego em perfeito estado...funcionando todas as funcoes...somente o carregador que veio com defeito....mas o relogio em si....tudo ok,4,48.0,101701079880324,12415779217
38,"Gostei muito, e pelo pre√ßo que paguei ele atendeu todas as minhas expectativas. Irei comprar mais!",5,141.0,101527529809648,12415779217
39,"Amei de mais, chegou super antes do prazo e sem nenhum dano, √≥timo custo benef√≠cio, ele √© exatamente como o an√∫ncio, super recomendo e comparei novamente!",5,176.0,99353689846621,12415779217
40,"Superou as expectativas, demorou um pouco, mas valeu a pena, muito bom produto, bem embalado √© f√°cil de conectar.",5,92.0,100373393881249,12415779217
41,"Chegou muito r√°pido, rel√≥gio veio funcionando por√©m o bot√£o qndo gira n√£o tem fun√ß√£o , "" n√£o sei se √© assim Mesmo"" achei que a tela era infinita mais n√£o √© , achei pequena a tela , de resto , s√≥ com o tempo pra v√™ se vai durar . Tomara que sim .",5,75.0,96389004595037,12415779217
42,"√ìtimo ! Boa qualidade, produto em metal üëèüèªüëèüèªüëèüèª
F√°cil para mexer",5,88.0,100020576807523,12415779217
43,"Chegou tudo certinho, bem embalado e antes do prazo de entrega, agora a s√≥ testar.",5,178.0,98803678829883,12415779217
44,"Tudo certo 
√ä segunda vez que compro um x8, gosto muito 
Embalagem amassada, mas isso s√£o os correios como sempre 
Entrega no prazo dado 
Recomendo",5,113.0,96330479352806,12415779217
45,"Produto bom .. Chegou bem r√°pido ! Vale a pena ! 
Bem embalado",5,68.0,96025577155216,12415779217
46,"Bom, demorou um pouco para chegar mas como foi na China eu entendo, √© uma r√©plica mal feita em quest√£o da imagem, pois comparei ele com outra r√©plica um pouco mais cara e esta imagem na minha opini√£o √© de p√©ssima qualidade, e tinha mais pap√©is de parede tirando isso muito bom",3,71.0,91667764149698,12415779217
47,√ìtimo produto! Comprei 2 e estou satisfeito com os dois! O aplicativo √© f√°cil de usar e o rel√≥gio √© lindo. Compraria de novo!!,5,88.0,96132924176911,12415779217
48,"Parecia de boa qualidade, por√©m o rel√≥gio desligou √© n√£o liga mais. Nem mesmo carregando a bateria. Aguardo resposta do vendedor.",1,4.0,110862352181874,12415779217
49,"Produto lindo, chegou antes do prazo, s√≥ achei ruim pra conectar, a embalagem veio amassada, mas ele veio perfeito.
Mas fora isso √© √≥timo!",5,1.0,110864565164615,12415779217
50,"Produto excelente, chegou bem r√°pido, muito bem embalado, no in√≠cio achei que n√£o fosse caber no carregador, mas √© s√≥ pressionar um pouco que ele encaixa. Muito parecido com o original, as configura√ß√µes s√£o √≥timas consigo visualizar certinho as notifica√ß√µes, amei‚ù§Ô∏è recomendo!!!",5,9.0,109805013108257,12415779217
51,"Chegaram rapidinho, antes do estipulado. Comprei dois e j√° coloquei os dois para carregar e ambos os carregadores funcionando. Um foi para presente ent√£o n√£o tirei o pl√°stico da tela, apenas de tr√°s para poder carregar. O aplicativo que tem que baixar funcionou certinho no meu celular ( iPhone 11 )",5,1.0,107011335815832,12415779217
52,"Super ameii ‚ù§Ô∏è 
Comprem com certeza vale a pena pre√ßo bem acess√≠vel ele tem bateria duradoura ele e simples mais √≥timo ! Veio antes do prazo bem embalado sem nenhum dano nem quebrado ! Super indico üòâ",5,2.0,105414422147540,12415779217
53,"Eu amei, chegou direitinho‚Ä¶ s√≥ apanhei um pouco pra botar pra carregar mas deu certo o vendedor me ajudou ü§£",5,3.0,104767416146692,12415779217
